{
  "train": {
    "auc": 0.6536332381562846
  },
  "val": {
    "auc": 0.6536332381562846
  },
  "test": {
    "auc": 0.6536332381562846
  }
}