{
  "train": {
    "auc": 0.9363431459599754
  },
  "val": {
    "auc": 0.9363431459599754
  },
  "test": {
    "auc": 0.9363431459599754
  }
}