{
  "train": {
    "auc": 0.7907778355879292
  },
  "val": {
    "auc": 0.7907778355879292
  },
  "test": {
    "auc": 0.7907778355879292
  }
}