{
  "train": {
    "auc": 0.66101108033241
  },
  "val": {
    "auc": 0.66101108033241
  },
  "test": {
    "auc": 0.66101108033241
  }
}