{
  "train": {
    "auc": 0.9332695854108326
  },
  "val": {
    "auc": 0.9332695854108326
  },
  "test": {
    "auc": 0.9332695854108326
  }
}