{
  "featureOrder": [
    "language_match",
    "level_match",
    "type_match",
    "log_likes"
  ],
  "intercept": -0.4239253694032427,
  "coefficients": [
    0.3379438157915374,
    0.6731329719302311,
    0.6080160009634012,
    -0.6601792846363376
  ]
}