{
  "featureOrder": [
    "language_match",
    "level_match",
    "type_match",
    "log_likes"
  ],
  "intercept": -0.4211778172042344,
  "coefficients": [
    0.3559367235047733,
    0.6801106143228199,
    0.6002127567764617,
    -0.6666780150891726
  ]
}