{
  "featureOrder": [
    "language_match",
    "level_match",
    "type_match",
    "log_likes"
  ],
  "intercept": -1.582951754553021,
  "coefficients": [
    0.7149017396913968,
    0.46090581816669257,
    0.14289649459989012,
    0.10191834099494378
  ]
}