{
  "featureOrder": [
    "language_match",
    "level_match",
    "type_match",
    "log_likes"
  ],
  "intercept": -0.4277192259976058,
  "coefficients": [
    0.3714163260142721,
    0.6901499681473854,
    0.5977104596898399,
    -0.6684478756100953
  ]
}