{
  "featureOrder": [
    "language_match",
    "level_match",
    "type_match",
    "log_likes"
  ],
  "intercept": -0.417470495079658,
  "coefficients": [
    0.3661522938374126,
    0.6990511369030171,
    0.6128883181242668,
    -0.6797072931247907
  ]
}