{
  "featureOrder": [
    "language_match",
    "level_match",
    "type_match",
    "log_likes"
  ],
  "intercept": -0.41451233391907893,
  "coefficients": [
    0.3560551519274751,
    0.657472342724927,
    0.609260090237602,
    -0.668044216026338
  ]
}