{
  "featureOrder": [
    "language_match",
    "level_match",
    "type_match",
    "log_likes"
  ],
  "intercept": -0.801196556930294,
  "coefficients": [
    0.7464098124987034,
    1.2235521179326125,
    1.2310530149139765,
    -1.1091330420729228
  ]
}