{
  "featureOrder": [
    "language_match",
    "level_match",
    "type_match",
    "log_likes"
  ],
  "intercept": -0.41846025845478335,
  "coefficients": [
    0.35722766434446945,
    0.6555683519662989,
    0.6150145716173472,
    -0.667627127360918
  ]
}