{
  "featureOrder": [
    "language_match",
    "level_match",
    "type_match",
    "log_likes"
  ],
  "intercept": -0.41246868493815325,
  "coefficients": [
    0.343196897869822,
    0.6150410942925824,
    0.6442365417446247,
    -0.6642276464071183
  ]
}