{
  "featureOrder": [
    "language_match",
    "level_match",
    "type_match",
    "log_likes"
  ],
  "intercept": -0.41693806269841877,
  "coefficients": [
    0.3417847805444074,
    0.6489754382373842,
    0.640017023381335,
    -0.667184382096745
  ]
}