{
  "featureOrder": [
    "language_match",
    "level_match",
    "type_match",
    "log_likes"
  ],
  "intercept": -0.424157755520376,
  "coefficients": [
    0.34235468331930485,
    0.6337010362578809,
    0.6475506359637231,
    -0.6610645692819574
  ]
}