{
  "featureOrder": [
    "language_match",
    "level_match",
    "type_match",
    "log_likes"
  ],
  "intercept": -0.9204284930428882,
  "coefficients": [
    0.11791656123619397,
    0.7338204467854037,
    0.14095190877629546,
    -0.36010586292015034
  ]
}