{
  "featureOrder": [
    "language_match",
    "level_match",
    "type_match",
    "log_likes"
  ],
  "intercept": -1.0601859572452421,
  "coefficients": [
    0.8913261031419217,
    1.205979191818707,
    0.9547621265153511,
    -1.0407203759761097
  ]
}