{
  "featureOrder": [
    "language_match",
    "level_match",
    "type_match",
    "log_likes"
  ],
  "intercept": -0.7715132725878268,
  "coefficients": [
    0.7433143317793139,
    1.2915772747392569,
    1.1935171578732762,
    -1.1352131032013772
  ]
}