{
  "featureOrder": [
    "language_match",
    "level_match",
    "type_match",
    "log_likes"
  ],
  "intercept": -0.41838661059143767,
  "coefficients": [
    0.363577951247401,
    0.6549206104306728,
    0.6235544330324496,
    -0.6716984003206853
  ]
}