{
  "featureOrder": [
    "language_match",
    "level_match",
    "type_match",
    "log_likes"
  ],
  "intercept": -0.4144333843738977,
  "coefficients": [
    0.33569118158255,
    0.6408718202690226,
    0.6420768249986949,
    -0.6653988640869388
  ]
}