{
  "featureOrder": [
    "language_match",
    "level_match",
    "type_match",
    "log_likes"
  ],
  "intercept": -1.288614694283015,
  "coefficients": [
    -0.08888356952278474,
    0.17281666524960074,
    0.13770505628716478,
    0.5233639334975612
  ]
}