{
  "featureOrder": [
    "language_match",
    "level_match",
    "type_match",
    "log_likes"
  ],
  "intercept": -0.41095610627177925,
  "coefficients": [
    0.404839346374544,
    0.6613277305731746,
    0.5540105852741749,
    -0.6733103377811643
  ]
}