{
  "featureOrder": [
    "language_match",
    "level_match",
    "type_match",
    "log_likes"
  ],
  "intercept": -0.4197309173378893,
  "coefficients": [
    0.3824518748564871,
    0.6794863948313474,
    0.5928133915119113,
    -0.6744557075072473
  ]
}