{
  "featureOrder": [
    "language_match",
    "level_match",
    "type_match",
    "log_likes"
  ],
  "intercept": -0.4231576627096438,
  "coefficients": [
    0.3387172078862616,
    0.664590606007522,
    0.6109793512102633,
    -0.6593425545171263
  ]
}