{
  "featureOrder": [
    "language_match",
    "level_match",
    "type_match",
    "log_likes"
  ],
  "intercept": -0.4286787873002338,
  "coefficients": [
    0.3440726639947243,
    0.6489547328677404,
    0.6078308312845577,
    -0.6533472462343367
  ]
}