{
  "featureOrder": [
    "language_match",
    "level_match",
    "type_match",
    "log_likes"
  ],
  "intercept": -1.3155632046428714,
  "coefficients": [
    0.6619433126201253,
    1.0907205221202065,
    0.8732761499133291,
    -0.8380519819977029
  ]
}