{
  "featureOrder": [
    "language_match",
    "level_match",
    "type_match",
    "log_likes"
  ],
  "intercept": -0.7879897670264618,
  "coefficients": [
    0.7205482384604847,
    1.3033944022367283,
    1.1889715703793107,
    -1.11855911782564
  ]
}